[{"id":"user-image-2696198.png","publicUrl":"np://user.desktop.nicepage.com/Site_229444908/images/2696198.png","size":1619,"fileName":"2696198.png","name":"2696198","width":128,"height":128,"thumbnail":{"url":"np://user.desktop.nicepage.com/Site_229444908/images/thumbnails/2696198.png","width":128,"height":128,"length":1619,"type":"png"}},{"id":"user-image-image1.png","publicUrl":"np://user.desktop.nicepage.com/Site_229444908/images/image1.png","size":824055,"fileName":"image1.png","name":"image1","width":1280,"height":1280,"thumbnail":{"url":"np://user.desktop.nicepage.com/Site_229444908/images/thumbnails/image1.png","width":250,"height":250}},{"id":"user-image-image2.png","publicUrl":"np://user.desktop.nicepage.com/Site_229444908/images/image2.png","size":604845,"fileName":"image2.png","name":"image2","width":1280,"height":1280,"thumbnail":{"url":"np://user.desktop.nicepage.com/Site_229444908/images/thumbnails/image2.png","width":250,"height":250}},{"id":"user-image-image3.png","publicUrl":"np://user.desktop.nicepage.com/Site_229444908/images/image3.png","size":479210,"fileName":"image3.png","name":"image3","width":1280,"height":1280,"thumbnail":{"url":"np://user.desktop.nicepage.com/Site_229444908/images/thumbnails/image3.png","width":250,"height":250}},{"id":"user-image-image5.png","publicUrl":"np://user.desktop.nicepage.com/Site_229444908/images/image5.png","size":615499,"fileName":"image5.png","name":"image5","width":1280,"height":1280,"thumbnail":{"url":"np://user.desktop.nicepage.com/Site_229444908/images/thumbnails/image5.png","width":250,"height":250}},{"id":"user-image-image6.png","publicUrl":"np://user.desktop.nicepage.com/Site_229444908/images/image6.png","size":581396,"fileName":"image6.png","name":"image6","width":1280,"height":1280,"thumbnail":{"url":"np://user.desktop.nicepage.com/Site_229444908/images/thumbnails/image6.png","width":250,"height":250}},{"id":"user-image-image7.png","publicUrl":"np://user.desktop.nicepage.com/Site_229444908/images/image7.png","size":766504,"fileName":"image7.png","name":"image7","width":1280,"height":1280,"thumbnail":{"url":"np://user.desktop.nicepage.com/Site_229444908/images/thumbnails/image7.png","width":250,"height":250}},{"id":"user-image-image8.png","publicUrl":"np://user.desktop.nicepage.com/Site_229444908/images/image8.png","size":460027,"fileName":"image8.png","name":"image8","width":966,"height":1280,"thumbnail":{"url":"np://user.desktop.nicepage.com/Site_229444908/images/thumbnails/image8.png","width":189,"height":250}},{"id":"user-image-image9.png","publicUrl":"np://user.desktop.nicepage.com/Site_229444908/images/image9.png","size":263395,"fileName":"image9.png","name":"image9","width":1280,"height":1262,"thumbnail":{"url":"np://user.desktop.nicepage.com/Site_229444908/images/thumbnails/image9.png","width":250,"height":246}},{"id":"user-image-image10.png","publicUrl":"np://user.desktop.nicepage.com/Site_229444908/images/image10.png","size":417023,"fileName":"image10.png","name":"image10","width":1280,"height":1280,"thumbnail":{"url":"np://user.desktop.nicepage.com/Site_229444908/images/thumbnails/image10.png","width":250,"height":250}},{"id":"user-image-image11.png","publicUrl":"np://user.desktop.nicepage.com/Site_229444908/images/image11.png","size":342685,"fileName":"image11.png","name":"image11","width":719,"height":1280,"thumbnail":{"url":"np://user.desktop.nicepage.com/Site_229444908/images/thumbnails/image11.png","width":140,"height":250}},{"id":"user-image-image12.png","publicUrl":"np://user.desktop.nicepage.com/Site_229444908/images/image12.png","size":42503,"fileName":"image12.png","name":"image12","width":640,"height":640,"thumbnail":{"url":"np://user.desktop.nicepage.com/Site_229444908/images/thumbnails/image12.png","width":250,"height":250}},{"id":"user-image-image13.png","publicUrl":"np://user.desktop.nicepage.com/Site_229444908/images/image13.png","size":13838,"fileName":"image13.png","name":"image13","width":640,"height":640,"thumbnail":{"url":"np://user.desktop.nicepage.com/Site_229444908/images/thumbnails/image13.png","width":250,"height":250}},{"id":"user-image-image14.png","publicUrl":"np://user.desktop.nicepage.com/Site_229444908/images/image14.png","size":359598,"fileName":"image14.png","name":"image14","width":6168,"height":1477,"thumbnail":{"url":"np://user.desktop.nicepage.com/Site_229444908/images/thumbnails/image14.png","width":250,"height":60}},{"id":"user-image-image15.png","publicUrl":"np://user.desktop.nicepage.com/Site_229444908/images/image15.png","size":1105501,"fileName":"image15.png","name":"image15","width":1023,"height":1280,"thumbnail":{"url":"np://user.desktop.nicepage.com/Site_229444908/images/thumbnails/image15.png","width":200,"height":250}},{"id":"user-image-image18.png","publicUrl":"np://user.desktop.nicepage.com/Site_229444908/images/image18.png","size":14912,"fileName":"image18.png","name":"image18","width":344,"height":344,"thumbnail":{"url":"np://user.desktop.nicepage.com/Site_229444908/images/thumbnails/image18.png","width":250,"height":250}},{"id":"user-image-image20.png","publicUrl":"np://user.desktop.nicepage.com/Site_229444908/images/image20.png","size":18030,"fileName":"image20.png","name":"image20","width":344,"height":344,"thumbnail":{"url":"np://user.desktop.nicepage.com/Site_229444908/images/thumbnails/image20.png","width":250,"height":250}},{"id":"user-image-image21.png","publicUrl":"np://user.desktop.nicepage.com/Site_229444908/images/image21.png","size":8466,"fileName":"image21.png","name":"image21","width":344,"height":344,"thumbnail":{"url":"np://user.desktop.nicepage.com/Site_229444908/images/thumbnails/image21.png","width":250,"height":250}},{"id":"user-image-image22.png","publicUrl":"np://user.desktop.nicepage.com/Site_229444908/images/image22.png","size":124240,"fileName":"image22.png","name":"image22","width":458,"height":458,"thumbnail":{"url":"np://user.desktop.nicepage.com/Site_229444908/images/thumbnails/image22.png","width":250,"height":250}},{"id":"user-image-image23.png","publicUrl":"np://user.desktop.nicepage.com/Site_229444908/images/image23.png","size":112036,"fileName":"image23.png","name":"image23","width":458,"height":458,"thumbnail":{"url":"np://user.desktop.nicepage.com/Site_229444908/images/thumbnails/image23.png","width":250,"height":250}},{"id":"user-image-image24.png","publicUrl":"np://user.desktop.nicepage.com/Site_229444908/images/image24.png","size":65798,"fileName":"image24.png","name":"image24","width":458,"height":458,"thumbnail":{"url":"np://user.desktop.nicepage.com/Site_229444908/images/thumbnails/image24.png","width":250,"height":250}},{"id":"user-image-image25.png","publicUrl":"np://user.desktop.nicepage.com/Site_229444908/images/image25.png","size":104631,"fileName":"image25.png","name":"image25","width":458,"height":458,"thumbnail":{"url":"np://user.desktop.nicepage.com/Site_229444908/images/thumbnails/image25.png","width":250,"height":250}},{"id":"user-image-image26.png","publicUrl":"np://user.desktop.nicepage.com/Site_229444908/images/image26.png","size":44301,"fileName":"image26.png","name":"image26","width":458,"height":458,"thumbnail":{"url":"np://user.desktop.nicepage.com/Site_229444908/images/thumbnails/image26.png","width":250,"height":250}},{"id":"user-image-image28.png","publicUrl":"np://user.desktop.nicepage.com/Site_229444908/images/image28.png","size":68728,"fileName":"image28.png","name":"image28","width":458,"height":458,"thumbnail":{"url":"np://user.desktop.nicepage.com/Site_229444908/images/thumbnails/image28.png","width":250,"height":250}},{"id":"user-image-FF3A39B4-3BDB-4054-B40F-E7FC5B3D3378.jpeg","publicUrl":"np://user.desktop.nicepage.com/Site_229444908/images/FF3A39B4-3BDB-4054-B40F-E7FC5B3D3378.jpeg","size":544440,"fileName":"FF3A39B4-3BDB-4054-B40F-E7FC5B3D3378.jpeg","name":"FF3A39B4-3BDB-4054-B40F-E7FC5B3D3378","width":1500,"height":1500,"thumbnail":{"url":"np://user.desktop.nicepage.com/Site_229444908/images/thumbnails/FF3A39B4-3BDB-4054-B40F-E7FC5B3D3378.jpeg","width":250,"height":250}},{"id":"user-image-_________________.jpg","publicUrl":"np://user.desktop.nicepage.com/Site_229444908/images/_________________.jpg","size":665206,"fileName":"_________________.jpg","name":"_________________","width":1500,"height":1500,"thumbnail":{"url":"np://user.desktop.nicepage.com/Site_229444908/images/thumbnails/_________________.jpg","width":250,"height":250}},{"id":"user-image-7.jpg","publicUrl":"np://user.desktop.nicepage.com/Site_229444908/images/7.jpg","size":338525,"fileName":"7.jpg","name":"7","width":1500,"height":1500,"thumbnail":{"url":"np://user.desktop.nicepage.com/Site_229444908/images/thumbnails/7.jpg","width":250,"height":250}},{"id":"user-image-16_2.jpg","publicUrl":"np://user.desktop.nicepage.com/Site_229444908/images/16_2.jpg","size":395485,"fileName":"16_2.jpg","name":"16_2","width":1500,"height":1500,"thumbnail":{"url":"np://user.desktop.nicepage.com/Site_229444908/images/thumbnails/16_2.jpg","width":250,"height":250}},{"id":"user-image-2__1_.jpg","publicUrl":"np://user.desktop.nicepage.com/Site_229444908/images/2__1_.jpg","size":363055,"fileName":"2__1_.jpg","name":"2__1_","width":1500,"height":1500,"thumbnail":{"url":"np://user.desktop.nicepage.com/Site_229444908/images/thumbnails/2__1_.jpg","width":250,"height":250}},{"id":"user-image-image0.jpg","publicUrl":"np://user.desktop.nicepage.com/Site_229444908/images/image0.jpg","size":114617,"fileName":"image0.jpg","name":"image0","width":551,"height":500,"thumbnail":{"url":"np://user.desktop.nicepage.com/Site_229444908/images/thumbnails/image0.jpg","width":250,"height":227}},{"id":"user-image-1__3_.jpg","publicUrl":"np://user.desktop.nicepage.com/Site_229444908/images/1__3_.jpg","size":572480,"fileName":"1__3_.jpg","name":"1__3_","width":1500,"height":1500,"thumbnail":{"url":"np://user.desktop.nicepage.com/Site_229444908/images/thumbnails/1__3_.jpg","width":250,"height":250}},{"id":"user-image-photo_2022-10-22_19-44-37.jpg","publicUrl":"np://user.desktop.nicepage.com/Site_229444908/images/photo_2022-10-22_19-44-37.jpg","size":106515,"fileName":"photo_2022-10-22_19-44-37.jpg","name":"photo_2022-10-22_19-44-37","width":1023,"height":1280,"thumbnail":{"url":"np://user.desktop.nicepage.com/Site_229444908/images/thumbnails/photo_2022-10-22_19-44-37.jpg","width":200,"height":250}}]